{"cameraMode":{"drawMode":0,"name":"Shaded","section":"Shading Mode"},"sceneLighting":false,"audioPlay":false,"sceneViewState":{"m_AlwaysRefresh":false,"showFog":true,"showSkybox":false,"showFlares":true,"showImageEffects":true,"showParticleSystems":true,"showVisualEffectGraphs":true,"m_FxEnabled":true},"in2DMode":false,"pivot":{"x":1.2947858572006226,"y":0.13036052882671357,"z":-0.07291258126497269},"rotation":{"x":0.34376099705696108,"y":-0.3212618827819824,"z":0.12646165490150453,"w":0.8733218312263489},"size":0.12936931848526,"orthographic":false}