{"cameraMode":{"drawMode":0,"name":"Shaded","section":"Shading Mode"},"sceneLighting":false,"audioPlay":false,"sceneViewState":{"m_AlwaysRefresh":false,"showFog":true,"showSkybox":false,"showFlares":true,"showImageEffects":true,"showParticleSystems":true,"showVisualEffectGraphs":true,"m_FxEnabled":true},"in2DMode":false,"pivot":{"x":-11.148859024047852,"y":0.6004659533500671,"z":-2.310375213623047},"rotation":{"x":-0.002278165891766548,"y":0.9965232014656067,"z":-0.0284056905657053,"w":-0.07877691090106964},"size":0.8439615964889526,"orthographic":false}