{"cameraMode":{"drawMode":0,"name":"Shaded","section":"Shading Mode"},"sceneLighting":true,"audioPlay":false,"sceneViewState":{"m_AlwaysRefresh":false,"showFog":true,"showSkybox":true,"showFlares":true,"showImageEffects":true,"showParticleSystems":true,"showVisualEffectGraphs":true,"m_FxEnabled":true},"in2DMode":false,"pivot":{"x":-11.140607833862305,"y":2.366262197494507,"z":-4.778101921081543},"rotation":{"x":0.4430917501449585,"y":-0.004832437727600336,"z":0.0018588316161185504,"w":0.8965702652931213},"size":2.5092124938964845,"orthographic":false}